scenario,stage,week_index,weekly_arrivals_mean,weekly_arrivals_std
ALL_BASELINE,biopmdt_to_biopsy,0,2.8,1.3218806379747876
ALL_BASELINE,biopmdt_to_biopsy,1,3.7222222222222223,1.564516672426553
ALL_BASELINE,biopmdt_to_biopsy,2,3.75,1.7733405882980469
ALL_BASELINE,biopmdt_to_biopsy,3,4.4,1.8180382718454353
ALL_BASELINE,biopmdt_to_biopsy,4,5.1,2.268781263377462
ALL_BASELINE,biopmdt_to_biopsy,5,4.526315789473684,2.1439429162340526
ALL_BASELINE,biopmdt_to_biopsy,6,5.85,2.1588252165910684
ALL_BASELINE,biopmdt_to_biopsy,7,4.842105263157895,2.0072966313133374
ALL_BASELINE,biopmdt_to_biopsy,8,4.65,2.007223796297028
ALL_BASELINE,biopmdt_to_biopsy,9,6.65,2.345768867332706
ALL_BASELINE,biopmdt_to_biopsy,10,5.35,2.1588252165910684
ALL_BASELINE,biopmdt_to_biopsy,11,3.95,2.54382637606794
ALL_BASELINE,biopmdt_to_biopsy,12,5.5,2.064741604835056
ALL_BASELINE,biopmdt_to_biopsy,13,4.7,1.7501879598308412
ALL_BASELINE,biopmdt_to_biopsy,14,5.2,2.566997016790344
ALL_BASELINE,biopmdt_to_biopsy,15,5.5,1.9867985355975657
ALL_BASELINE,biopmdt_to_biopsy,16,5.5,1.820930936000652
ALL_BASELINE,biopmdt_to_biopsy,17,4.75,2.0487480130686233
ALL_BASELINE,biopmdt_to_biopsy,18,5.6,1.8467610337532774
ALL_BASELINE,biopmdt_to_biopsy,19,5.3,2.4516374764204993
ALL_BASELINE,biopmdt_to_biopsy,20,5.7,2.002629849919718
ALL_BASELINE,biopmdt_to_biopsy,21,4.65,1.8431951662948316
ALL_BASELINE,biopmdt_to_biopsy,22,6.5,2.1398475105532757
ALL_BASELINE,biopmdt_to_biopsy,23,4.9,1.99736668746891
ALL_BASELINE,biopmdt_to_biopsy,24,5.95,3.3478194002726767
ALL_BASELINE,biopmdt_to_biopsy,25,5.25,1.6503588126605426
ALL_BASELINE,biopmdt_to_biopsy,26,4.8,2.041671142136162
ALL_BASELINE,biopmdt_to_biopsy,27,5.15,1.6630662866176473
ALL_BASELINE,biopmdt_to_biopsy,28,4.1,1.9439514830419642
ALL_BASELINE,biopmdt_to_biopsy,29,5.0,1.8918106058538346
ALL_BASELINE,biopmdt_to_biopsy,30,4.8,2.483630619200766
ALL_BASELINE,biopmdt_to_biopsy,31,5.55,2.0641042405337657
ALL_BASELINE,biopmdt_to_biopsy,32,5.2,1.9628121608924702
ALL_BASELINE,biopmdt_to_biopsy,33,5.3,2.515216847405743
ALL_BASELINE,biopmdt_to_biopsy,34,5.1,2.2687812633774618
ALL_BASELINE,biopmdt_to_biopsy,35,4.85,1.8144159564878983
ALL_BASELINE,biopmdt_to_biopsy,36,6.25,2.2912878474779204
ALL_BASELINE,biopmdt_to_biopsy,37,4.85,1.8144159564878983
ALL_BASELINE,biopmdt_to_biopsy,38,5.9,2.447340124341226
ALL_BASELINE,biopmdt_to_biopsy,39,5.4,2.2803508501982757
ALL_BASELINE,biopmdt_to_biopsy,40,5.8,1.9894458366193601
ALL_BASELINE,biopmdt_to_biopsy,41,5.157894736842105,2.2916068572737545
ALL_BASELINE,biopmdt_to_biopsy,42,6.15,3.265046142980138
ALL_BASELINE,biopmdt_to_biopsy,43,4.15,2.0589982234597795
ALL_BASELINE,biopmdt_to_biopsy,44,5.2,1.9628121608924702
ALL_BASELINE,biopmdt_to_biopsy,45,5.8,2.4192212753171978
ALL_BASELINE,biopmdt_to_biopsy,46,5.6,3.1689280937184257
ALL_BASELINE,biopmdt_to_biopsy,47,4.7,2.677390717215472
ALL_BASELINE,biopmdt_to_biopsy,48,3.230769230769231,1.4232501627054275
ALL_BASELINE,biopmdt_to_biopsy,49,3.5,2.1213203435596424
ALL_BASELINE,biopsy_to_pathrep,0,2.45,1.5035046776746235
ALL_BASELINE,biopsy_to_pathrep,1,2.3076923076923075,1.1821319289469756
ALL_BASELINE,biopsy_to_pathrep,2,2.95,1.5719582155957412
ALL_BASELINE,biopsy_to_pathrep,3,3.3684210526315788,1.4224597754824202
ALL_BASELINE,biopsy_to_pathrep,4,4.7,1.6254554017744982
ALL_BASELINE,biopsy_to_pathrep,5,4.315789473684211,2.1616000138515545
ALL_BASELINE,biopsy_to_pathrep,6,4.9,2.074912807299318
ALL_BASELINE,biopsy_to_pathrep,7,4.9,2.5731406163633865
ALL_BASELINE,biopsy_to_pathrep,8,5.75,3.024026594146497
ALL_BASELINE,biopsy_to_pathrep,9,5.3,2.341839133312916
ALL_BASELINE,biopsy_to_pathrep,10,5.1,2.4039441275580953
ALL_BASELINE,biopsy_to_pathrep,11,5.1,2.1001253095445223
ALL_BASELINE,biopsy_to_pathrep,12,4.65,2.1343062474478063
ALL_BASELINE,biopsy_to_pathrep,13,4.9,2.100125309544522
ALL_BASELINE,biopsy_to_pathrep,14,5.45,1.7614288458371987
ALL_BASELINE,biopsy_to_pathrep,15,4.95,2.4809802816416613
ALL_BASELINE,biopsy_to_pathrep,16,5.315789473684211,2.1616000138515545
ALL_BASELINE,biopsy_to_pathrep,17,5.95,1.3562719801759993
ALL_BASELINE,biopsy_to_pathrep,18,5.45,2.038446260732605
ALL_BASELINE,biopsy_to_pathrep,19,5.052631578947368,1.6149882768933415
ALL_BASELINE,biopsy_to_pathrep,20,5.4,1.9841477024816367
ALL_BASELINE,biopsy_to_pathrep,21,5.15,2.641271623569542
ALL_BASELINE,biopsy_to_pathrep,22,5.95,2.139232523470435
ALL_BASELINE,biopsy_to_pathrep,23,5.15,2.700389835404861
ALL_BASELINE,biopsy_to_pathrep,24,5.65,2.641271623569542
ALL_BASELINE,biopsy_to_pathrep,25,4.5,1.63835604381825
ALL_BASELINE,biopsy_to_pathrep,26,5.85,2.0589982234597786
ALL_BASELINE,biopsy_to_pathrep,27,5.0,2.1521103473958814
ALL_BASELINE,biopsy_to_pathrep,28,4.4,1.5694450913417906
ALL_BASELINE,biopsy_to_pathrep,29,5.3,2.696976865033572
ALL_BASELINE,biopsy_to_pathrep,30,5.2,1.880649383926509
ALL_BASELINE,biopsy_to_pathrep,31,5.2,1.8238190122579827
ALL_BASELINE,biopsy_to_pathrep,32,4.55,2.163695668842645
ALL_BASELINE,biopsy_to_pathrep,33,4.9,1.99736668746891
ALL_BASELINE,biopsy_to_pathrep,34,5.7,2.5360557855395096
ALL_BASELINE,biopsy_to_pathrep,35,5.4,1.9029063643750175
ALL_BASELINE,biopsy_to_pathrep,36,5.45,2.0641042405337657
ALL_BASELINE,biopsy_to_pathrep,37,5.894736842105263,1.8527678046673026
ALL_BASELINE,biopsy_to_pathrep,38,5.55,2.7810448623342614
ALL_BASELINE,biopsy_to_pathrep,39,5.1,2.381949665825522
ALL_BASELINE,biopsy_to_pathrep,40,6.0,2.1521103473958814
ALL_BASELINE,biopsy_to_pathrep,41,5.526315789473684,1.8964417280976962
ALL_BASELINE,biopsy_to_pathrep,42,4.65,2.345768867332706
ALL_BASELINE,biopsy_to_pathrep,43,5.4,2.643761275949575
ALL_BASELINE,biopsy_to_pathrep,44,4.684210526315789,1.9735087641318607
ALL_BASELINE,biopsy_to_pathrep,45,4.846153846153846,2.154303980645638
ALL_BASELINE,biopsy_to_pathrep,46,2.6666666666666665,1.505545305418162
ALL_BASELINE,mri_to_report,0,4.1,1.9708400559953587
ALL_BASELINE,mri_to_report,1,5.6,2.326053807586891
ALL_BASELINE,mri_to_report,2,7.45,2.3502519461807316
ALL_BASELINE,mri_to_report,3,7.3,2.129986409642831
ALL_BASELINE,mri_to_report,4,7.9,3.0070093553492474
ALL_BASELINE,mri_to_report,5,8.45,3.170173496829472
ALL_BASELINE,mri_to_report,6,9.35,3.4530688105692766
ALL_BASELINE,mri_to_report,7,7.8,2.98416875492904
ALL_BASELINE,mri_to_report,8,8.55,3.5165024489802663
ALL_BASELINE,mri_to_report,9,9.5,2.7047716121114944
ALL_BASELINE,mri_to_report,10,8.5,3.34821240601451
ALL_BASELINE,mri_to_report,11,8.35,3.0482954684803594
ALL_BASELINE,mri_to_report,12,8.1,2.447340124341226
ALL_BASELINE,mri_to_report,13,9.1,2.9894551519069754
ALL_BASELINE,mri_to_report,14,9.15,2.7961439613567074
ALL_BASELINE,mri_to_report,15,8.95,2.350251946180731
ALL_BASELINE,mri_to_report,16,9.45,2.5848750351551657
ALL_BASELINE,mri_to_report,17,8.45,2.6847522673129647
ALL_BASELINE,mri_to_report,18,8.9,3.809959248297049
ALL_BASELINE,mri_to_report,19,9.0,2.53397960362331
ALL_BASELINE,mri_to_report,20,7.1,2.653696528082647
ALL_BASELINE,mri_to_report,21,8.8,2.8580449703655084
ALL_BASELINE,mri_to_report,22,7.35,2.277463963548745
ALL_BASELINE,mri_to_report,23,10.25,3.9319875782852463
ALL_BASELINE,mri_to_report,24,9.9,3.1271308524622135
ALL_BASELINE,mri_to_report,25,8.05,2.8557421378504637
ALL_BASELINE,mri_to_report,26,7.65,2.4978938496682614
ALL_BASELINE,mri_to_report,27,8.4,1.9841477024816367
ALL_BASELINE,mri_to_report,28,8.9,2.4473401243412254
ALL_BASELINE,mri_to_report,29,8.45,2.584875035155166
ALL_BASELINE,mri_to_report,30,9.1,3.041813863297255
ALL_BASELINE,mri_to_report,31,9.15,2.758241239783443
ALL_BASELINE,mri_to_report,32,9.05,2.781044862334261
ALL_BASELINE,mri_to_report,33,8.45,2.5644328397276626
ALL_BASELINE,mri_to_report,34,8.25,3.3066917797574953
ALL_BASELINE,mri_to_report,35,8.9,2.7510763443844266
ALL_BASELINE,mri_to_report,36,8.9,3.3229663349420036
ALL_BASELINE,mri_to_report,37,8.5,2.3508117299081364
ALL_BASELINE,mri_to_report,38,9.7,3.3102710971825413
ALL_BASELINE,mri_to_report,39,8.85,3.703128122916738
ALL_BASELINE,mri_to_report,40,9.45,2.87411313552363
ALL_BASELINE,mri_to_report,41,8.7,2.735728518386974
ALL_BASELINE,mri_to_report,42,7.95,2.4596747752497685
ALL_BASELINE,mri_to_report,43,8.9,2.5110283068684702
ALL_BASELINE,mri_to_report,44,8.25,2.9357147430619985
ALL_BASELINE,mri_to_report,45,8.95,2.928534751283256
ALL_BASELINE,mri_to_report,46,8.6,3.4853075073876383
ALL_BASELINE,mri_to_report,47,8.85,3.9506828190633207
ALL_BASELINE,mri_to_report,48,8.75,3.242400020777332
ALL_BASELINE,mri_to_report,49,8.2,3.036618618064993
ALL_BASELINE,mri_to_report,50,3.0,2.2962419891481978
ALL_BASELINE,pathrep_to_treatmdt,0,1.9,1.1652874052533586
ALL_BASELINE,pathrep_to_treatmdt,1,1.8888888888888888,1.1826634392157036
ALL_BASELINE,pathrep_to_treatmdt,2,2.6,1.2983506020002016
ALL_BASELINE,pathrep_to_treatmdt,3,3.4,2.233712981609438
ALL_BASELINE,pathrep_to_treatmdt,4,3.4,1.4290224851827544
ALL_BASELINE,pathrep_to_treatmdt,5,3.65,1.6944180805158293
ALL_BASELINE,pathrep_to_treatmdt,6,4.95,2.2354794611117836
ALL_BASELINE,pathrep_to_treatmdt,7,3.25,1.2926920095594883
ALL_BASELINE,pathrep_to_treatmdt,8,4.421052631578948,1.8353258709644944
ALL_BASELINE,pathrep_to_treatmdt,9,4.25,2.074278568309321
ALL_BASELINE,pathrep_to_treatmdt,10,3.789473684210526,1.5839103288458478
ALL_BASELINE,pathrep_to_treatmdt,11,3.85,1.954078056944394
ALL_BASELINE,pathrep_to_treatmdt,12,4.15,2.084403234046921
ALL_BASELINE,pathrep_to_treatmdt,13,4.15,1.3869694338832115
ALL_BASELINE,pathrep_to_treatmdt,14,4.15,1.5652475842498528
ALL_BASELINE,pathrep_to_treatmdt,15,4.578947368421052,1.7737527534606838
ALL_BASELINE,pathrep_to_treatmdt,16,4.421052631578948,2.5014615610719395
ALL_BASELINE,pathrep_to_treatmdt,17,5.25,1.4823523268955432
ALL_BASELINE,pathrep_to_treatmdt,18,4.2,2.261811104775156
ALL_BASELINE,pathrep_to_treatmdt,19,4.4,2.0104987598001385
ALL_BASELINE,pathrep_to_treatmdt,20,3.85,2.0072237962970276
ALL_BASELINE,pathrep_to_treatmdt,21,4.2,2.284962282309918
ALL_BASELINE,pathrep_to_treatmdt,22,4.55,1.9324105480761042
ALL_BASELINE,pathrep_to_treatmdt,23,4.55,2.0384462607326044
ALL_BASELINE,pathrep_to_treatmdt,24,4.2,1.8524521444205844
ALL_BASELINE,pathrep_to_treatmdt,25,4.4,1.4290224851827544
ALL_BASELINE,pathrep_to_treatmdt,26,4.2631578947368425,2.232141604009673
ALL_BASELINE,pathrep_to_treatmdt,27,4.2,2.067289096988207
ALL_BASELINE,pathrep_to_treatmdt,28,3.2,1.6415653633362466
ALL_BASELINE,pathrep_to_treatmdt,29,4.2,1.96281216089247
ALL_BASELINE,pathrep_to_treatmdt,30,4.75,1.743408639479146
ALL_BASELINE,pathrep_to_treatmdt,31,4.35,1.6630662866176475
ALL_BASELINE,pathrep_to_treatmdt,32,3.3157894736842106,2.05622717019268
ALL_BASELINE,pathrep_to_treatmdt,33,4.55,1.8202082009311031
ALL_BASELINE,pathrep_to_treatmdt,34,4.45,2.211810403980842
ALL_BASELINE,pathrep_to_treatmdt,35,4.8,1.542383664469075
ALL_BASELINE,pathrep_to_treatmdt,36,4.4,2.0621909656836754
ALL_BASELINE,pathrep_to_treatmdt,37,5.1,2.359750209795855
ALL_BASELINE,pathrep_to_treatmdt,38,3.95,1.6050905860647504
ALL_BASELINE,pathrep_to_treatmdt,39,4.35,1.496487114615601
ALL_BASELINE,pathrep_to_treatmdt,40,4.5,2.481510575605533
ALL_BASELINE,pathrep_to_treatmdt,41,4.9,2.3819496658255224
ALL_BASELINE,pathrep_to_treatmdt,42,4.2105263157894735,2.016017729430998
ALL_BASELINE,pathrep_to_treatmdt,43,3.4444444444444446,1.8541597818775022
ALL_BASELINE,pathrep_to_treatmdt,44,3.6923076923076925,1.702185623672077
ALL_BASELINE,pathrep_to_treatmdt,45,2.75,1.4999999999999998
ALL_BASELINE,pathrep_to_treatmdt,46,1.0,
ALL_BASELINE,ref_to_mri,0,9.6,3.53031980063235
ALL_BASELINE,ref_to_mri,1,9.25,1.9701723141310308
ALL_BASELINE,ref_to_mri,2,8.5,3.4716900176927328
ALL_BASELINE,ref_to_mri,3,9.0,3.0435436410107286
ALL_BASELINE,ref_to_mri,4,8.55,3.3635038122078655
ALL_BASELINE,ref_to_mri,5,9.25,3.3697571363370886
ALL_BASELINE,ref_to_mri,6,8.8,2.4408799103688215
ALL_BASELINE,ref_to_mri,7,8.5,2.724160904127902
ALL_BASELINE,ref_to_mri,8,9.1,2.9540338165758504
ALL_BASELINE,ref_to_mri,9,7.6,3.7612987678530176
ALL_BASELINE,ref_to_mri,10,8.25,2.826100158391977
ALL_BASELINE,ref_to_mri,11,8.15,2.158825216591068
ALL_BASELINE,ref_to_mri,12,9.55,2.038446260732604
ALL_BASELINE,ref_to_mri,13,9.25,3.3697571363370886
ALL_BASELINE,ref_to_mri,14,9.95,3.3003189638515087
ALL_BASELINE,ref_to_mri,15,8.1,3.2101811721295013
ALL_BASELINE,ref_to_mri,16,8.6,2.6237779110122466
ALL_BASELINE,ref_to_mri,17,7.7,3.2297954962146473
ALL_BASELINE,ref_to_mri,18,8.75,2.76966651992238
ALL_BASELINE,ref_to_mri,19,9.0,3.387282717832439
ALL_BASELINE,ref_to_mri,20,8.65,2.6011131220468307
ALL_BASELINE,ref_to_mri,21,9.45,2.910507280798134
ALL_BASELINE,ref_to_mri,22,8.75,2.446802424647964
ALL_BASELINE,ref_to_mri,23,9.65,3.030980386815982
ALL_BASELINE,ref_to_mri,24,6.45,2.502104377476982
ALL_BASELINE,ref_to_mri,25,8.4,3.135534874207018
ALL_BASELINE,ref_to_mri,26,8.65,3.1334359818945683
ALL_BASELINE,ref_to_mri,27,8.5,1.9056702094980709
ALL_BASELINE,ref_to_mri,28,9.8,2.1423056934551905
ALL_BASELINE,ref_to_mri,29,8.75,2.359192546971147
ALL_BASELINE,ref_to_mri,30,8.55,2.928534751283257
ALL_BASELINE,ref_to_mri,31,8.9,3.076224617081276
ALL_BASELINE,ref_to_mri,32,9.5,2.1884866196096624
ALL_BASELINE,ref_to_mri,33,8.35,3.1334359818945687
ALL_BASELINE,ref_to_mri,34,8.65,2.2307657406087453
ALL_BASELINE,ref_to_mri,35,9.3,2.867237805201889
ALL_BASELINE,ref_to_mri,36,8.75,2.863104682168054
ALL_BASELINE,ref_to_mri,37,9.8,2.930780388260186
ALL_BASELINE,ref_to_mri,38,6.8,2.546411303445653
ALL_BASELINE,ref_to_mri,39,9.05,2.6452539426400317
ALL_BASELINE,ref_to_mri,40,8.75,2.692582403567252
ALL_BASELINE,ref_to_mri,41,8.85,2.5188761069384222
ALL_BASELINE,ref_to_mri,42,8.5,2.564945880212885
ALL_BASELINE,ref_to_mri,43,8.5,2.7815179498365916
ALL_BASELINE,ref_to_mri,44,8.25,2.6132254721743884
ALL_BASELINE,ref_to_mri,45,9.3,3.2622239750142685
ALL_BASELINE,ref_to_mri,46,8.7,2.9217874846167637
ALL_BASELINE,ref_to_mri,47,8.05,3.6197557347074363
ALL_BASELINE,ref_to_mri,48,9.4,2.5005262603994716
ALL_BASELINE,ref_to_mri,49,8.7,2.473012226755907
ALL_BASELINE,ref_to_mri,50,8.6,2.702825032793417
ALL_BASELINE,ref_to_mri,51,9.15,3.842627938492642
ALL_BASELINE,ref_to_mri,52,2.1333333333333333,1.3557637102737476
ALL_BASELINE,report_to_biopmdt,0,3.4,2.087557121815378
ALL_BASELINE,report_to_biopmdt,1,4.65,2.3004576203785834
ALL_BASELINE,report_to_biopmdt,2,6.7,2.226633049436324
ALL_BASELINE,report_to_biopmdt,3,7.8,2.9664793948382653
ALL_BASELINE,report_to_biopmdt,4,8.0,2.7338039817306425
ALL_BASELINE,report_to_biopmdt,5,8.15,3.2488864489074927
ALL_BASELINE,report_to_biopmdt,6,8.85,4.171015274612721
ALL_BASELINE,report_to_biopmdt,7,7.35,2.8520537383288884
ALL_BASELINE,report_to_biopmdt,8,8.85,3.3603727863375354
ALL_BASELINE,report_to_biopmdt,9,9.6,2.6237779110122466
ALL_BASELINE,report_to_biopmdt,10,8.4,3.2346804934547775
ALL_BASELINE,report_to_biopmdt,11,8.1,2.881885347805276
ALL_BASELINE,report_to_biopmdt,12,9.9,2.314712668311578
ALL_BASELINE,report_to_biopmdt,13,7.7,2.71642179501289
ALL_BASELINE,report_to_biopmdt,14,8.35,2.870448342020899
ALL_BASELINE,report_to_biopmdt,15,8.8,3.019236571334583
ALL_BASELINE,report_to_biopmdt,16,9.2,2.706716791515818
ALL_BASELINE,report_to_biopmdt,17,9.95,4.045465297550359
ALL_BASELINE,report_to_biopmdt,18,7.95,3.4408536272574173
ALL_BASELINE,report_to_biopmdt,19,9.25,2.8446625921465434
ALL_BASELINE,report_to_biopmdt,20,7.8,2.546411303445653
ALL_BASELINE,report_to_biopmdt,21,8.15,2.8704483420208993
ALL_BASELINE,report_to_biopmdt,22,8.8,2.3973669767168797
ALL_BASELINE,report_to_biopmdt,23,9.0,3.3717089216940983
ALL_BASELINE,report_to_biopmdt,24,9.85,3.5729244987382827
ALL_BASELINE,report_to_biopmdt,25,8.15,2.7390932037715268
ALL_BASELINE,report_to_biopmdt,26,8.1,3.322966334942004
ALL_BASELINE,report_to_biopmdt,27,8.4,2.9806392814823783
ALL_BASELINE,report_to_biopmdt,28,8.2,2.876401260347088
ALL_BASELINE,report_to_biopmdt,29,7.95,1.9594574974238477
ALL_BASELINE,report_to_biopmdt,30,9.7,3.062506713204243
ALL_BASELINE,report_to_biopmdt,31,8.45,2.1636956688426454
ALL_BASELINE,report_to_biopmdt,32,9.9,3.210181172129501
ALL_BASELINE,report_to_biopmdt,33,8.4,3.3466401061363023
ALL_BASELINE,report_to_biopmdt,34,8.1,2.751076344384426
ALL_BASELINE,report_to_biopmdt,35,8.45,2.211810403980842
ALL_BASELINE,report_to_biopmdt,36,9.5,2.6457513110645907
ALL_BASELINE,report_to_biopmdt,37,9.25,3.2747036828583918
ALL_BASELINE,report_to_biopmdt,38,8.6,2.7606254058779776
ALL_BASELINE,report_to_biopmdt,39,10.1,3.726152241430265
ALL_BASELINE,report_to_biopmdt,40,8.9,2.174009151193638
ALL_BASELINE,report_to_biopmdt,41,8.0,2.513123449750173
ALL_BASELINE,report_to_biopmdt,42,9.65,3.2811262507992907
ALL_BASELINE,report_to_biopmdt,43,8.45,2.523051619306313
ALL_BASELINE,report_to_biopmdt,44,7.6,3.4089665049071614
ALL_BASELINE,report_to_biopmdt,45,8.9,3.0932864485255127
ALL_BASELINE,report_to_biopmdt,46,9.4,2.583347481568501
ALL_BASELINE,report_to_biopmdt,47,6.95,2.8741131355236305
ALL_BASELINE,report_to_biopmdt,48,8.8,2.667543715421401
ALL_BASELINE,report_to_biopmdt,49,5.866666666666666,3.461351236287988
ALL_BASELINE,report_to_biopmdt,50,2.0,0.0
ALL_BASELINE,treatmdt_to_outpat,0,1.9,1.1192102478745307
ALL_BASELINE,treatmdt_to_outpat,1,2.0,1.1766968108291043
ALL_BASELINE,treatmdt_to_outpat,2,2.764705882352941,1.56242646885805
ALL_BASELINE,treatmdt_to_outpat,3,3.210526315789474,1.6858544608470494
ALL_BASELINE,treatmdt_to_outpat,4,3.210526315789474,2.016017729430998
ALL_BASELINE,treatmdt_to_outpat,5,4.15,2.058998223459779
ALL_BASELINE,treatmdt_to_outpat,6,4.15,2.433861994963214
ALL_BASELINE,treatmdt_to_outpat,7,3.25,1.7733405882980469
ALL_BASELINE,treatmdt_to_outpat,8,4.4,1.7888543819998317
ALL_BASELINE,treatmdt_to_outpat,9,4.0,1.9194297398747862
ALL_BASELINE,treatmdt_to_outpat,10,3.7,1.7501879598308412
ALL_BASELINE,treatmdt_to_outpat,11,3.9473684210526314,1.8995228702237106
ALL_BASELINE,treatmdt_to_outpat,12,4.25,1.996707816698066
ALL_BASELINE,treatmdt_to_outpat,13,4.2,1.6091841672756189
ALL_BASELINE,treatmdt_to_outpat,14,3.95,1.6050905860647506
ALL_BASELINE,treatmdt_to_outpat,15,4.9,2.4899799195977463
ALL_BASELINE,treatmdt_to_outpat,16,4.4,2.6832815729997477
ALL_BASELINE,treatmdt_to_outpat,17,4.55,2.0641042405337657
ALL_BASELINE,treatmdt_to_outpat,18,4.7,2.53605578553951
ALL_BASELINE,treatmdt_to_outpat,19,4.0,1.6858544608470492
ALL_BASELINE,treatmdt_to_outpat,20,4.75,2.4251966822029964
ALL_BASELINE,treatmdt_to_outpat,21,3.3157894736842106,2.135744251723958
ALL_BASELINE,treatmdt_to_outpat,22,4.75,2.3591925469711477
ALL_BASELINE,treatmdt_to_outpat,23,4.4,2.036508880671192
ALL_BASELINE,treatmdt_to_outpat,24,3.95,2.0384462607326044
ALL_BASELINE,treatmdt_to_outpat,25,4.5,1.9056702094980709
ALL_BASELINE,treatmdt_to_outpat,26,4.85,2.3902213066443956
ALL_BASELINE,treatmdt_to_outpat,27,3.95,2.211810403980842
ALL_BASELINE,treatmdt_to_outpat,28,3.8,1.9358120830939742
ALL_BASELINE,treatmdt_to_outpat,29,3.4210526315789473,1.7099639201419234
ALL_BASELINE,treatmdt_to_outpat,30,4.65,2.058998223459779
ALL_BASELINE,treatmdt_to_outpat,31,4.2,2.0925934551223877
ALL_BASELINE,treatmdt_to_outpat,32,3.8947368421052633,1.7917941611104424
ALL_BASELINE,treatmdt_to_outpat,33,4.4,1.569445091341791
ALL_BASELINE,treatmdt_to_outpat,34,4.7894736842105265,1.5484381869204369
ALL_BASELINE,treatmdt_to_outpat,35,4.55,2.114486375359025
ALL_BASELINE,treatmdt_to_outpat,36,4.45,1.234376040972246
ALL_BASELINE,treatmdt_to_outpat,37,4.85,1.7554426642213128
ALL_BASELINE,treatmdt_to_outpat,38,4.35,1.8715318802914815
ALL_BASELINE,treatmdt_to_outpat,39,4.25,1.8883298106221302
ALL_BASELINE,treatmdt_to_outpat,40,4.631578947368421,2.2903305514898324
ALL_BASELINE,treatmdt_to_outpat,41,4.529411764705882,2.0346267181851667
ALL_BASELINE,treatmdt_to_outpat,42,4.5,2.0976176963403033
ALL_BASELINE,treatmdt_to_outpat,43,3.2,1.8737959096740262
ALL_BASELINE,treatmdt_to_outpat,44,4.0,0.0
ALL_BASELINE,treatmdt_to_outpat,45,2.0,
ALL_PROSTAD,biopmdt_to_biopsy,0,1.85,0.8127277008872491
ALL_PROSTAD,biopmdt_to_biopsy,1,2.6842105263157894,1.0568628408301077
ALL_PROSTAD,biopmdt_to_biopsy,2,2.65,0.9333020044867296
ALL_PROSTAD,biopmdt_to_biopsy,3,2.3157894736842106,0.88522637273985
ALL_PROSTAD,biopmdt_to_biopsy,4,2.1578947368421053,0.7647191129018727
ALL_PROSTAD,biopmdt_to_biopsy,5,2.15,0.8127277008872489
ALL_PROSTAD,biopmdt_to_biopsy,6,2.75,0.9104654680003259
ALL_PROSTAD,biopmdt_to_biopsy,7,2.5,0.7859052479933759
ALL_PROSTAD,biopmdt_to_biopsy,8,2.5,0.760885910252682
ALL_PROSTAD,biopmdt_to_biopsy,9,2.45,0.8870412083230168
ALL_PROSTAD,biopmdt_to_biopsy,10,2.3157894736842106,0.8852263727398499
ALL_PROSTAD,biopmdt_to_biopsy,11,2.65,1.0399898784932577
ALL_PROSTAD,biopmdt_to_biopsy,12,2.3684210526315788,0.9551338658818386
ALL_PROSTAD,biopmdt_to_biopsy,13,2.3,0.9787209698591858
ALL_PROSTAD,biopmdt_to_biopsy,14,2.4210526315789473,0.9612370197756297
ALL_PROSTAD,biopmdt_to_biopsy,15,2.3,0.9233805168766387
ALL_PROSTAD,biopmdt_to_biopsy,16,2.3684210526315788,0.8306975860878396
ALL_PROSTAD,biopmdt_to_biopsy,17,2.8421052631578947,0.8342100651206134
ALL_PROSTAD,biopmdt_to_biopsy,18,2.4,0.7539370349250519
ALL_PROSTAD,biopmdt_to_biopsy,19,2.55,0.8870412083230168
ALL_PROSTAD,biopmdt_to_biopsy,20,2.6842105263157894,0.820069887194403
ALL_PROSTAD,biopmdt_to_biopsy,21,2.55,0.9445132413883325
ALL_PROSTAD,biopmdt_to_biopsy,22,2.3,0.5712405705774795
ALL_PROSTAD,biopmdt_to_biopsy,23,2.5789473684210527,0.7685331969757723
ALL_PROSTAD,biopmdt_to_biopsy,24,2.3684210526315788,1.0651304727481081
ALL_PROSTAD,biopmdt_to_biopsy,25,2.6315789473684212,0.760885910252682
ALL_PROSTAD,biopmdt_to_biopsy,26,2.3,0.8013147091860318
ALL_PROSTAD,biopmdt_to_biopsy,27,2.25,1.0195458225163432
ALL_PROSTAD,biopmdt_to_biopsy,28,2.473684210526316,0.9048278567177281
ALL_PROSTAD,biopmdt_to_biopsy,29,2.789473684210526,0.8549819600709617
ALL_PROSTAD,biopmdt_to_biopsy,30,2.0555555555555554,0.8726040960806521
ALL_PROSTAD,biopmdt_to_biopsy,31,2.473684210526316,0.904827856717728
ALL_PROSTAD,biopmdt_to_biopsy,32,2.3684210526315788,0.6839855680567694
ALL_PROSTAD,biopmdt_to_biopsy,33,2.5555555555555554,0.8555852638929973
ALL_PROSTAD,biopmdt_to_biopsy,34,2.75,0.8506963092234007
ALL_PROSTAD,biopmdt_to_biopsy,35,2.5,0.7859052479933758
ALL_PROSTAD,biopmdt_to_biopsy,36,2.7777777777777777,1.114374293206496
ALL_PROSTAD,biopmdt_to_biopsy,37,2.6,0.8825799501580878
ALL_PROSTAD,biopmdt_to_biopsy,38,2.7,0.9787209698591858
ALL_PROSTAD,biopmdt_to_biopsy,39,2.5,0.8271701918685108
ALL_PROSTAD,biopmdt_to_biopsy,40,2.75,0.9665456669582605
ALL_PROSTAD,biopmdt_to_biopsy,41,2.789473684210526,1.0316624861746775
ALL_PROSTAD,biopmdt_to_biopsy,42,2.2,0.9514531821875089
ALL_PROSTAD,biopmdt_to_biopsy,43,2.736842105263158,0.933458638205125
ALL_PROSTAD,biopmdt_to_biopsy,44,2.3333333333333335,0.9074852129730301
ALL_PROSTAD,biopmdt_to_biopsy,45,2.3684210526315788,0.9551338658818385
ALL_PROSTAD,biopmdt_to_biopsy,46,2.611111111111111,1.0369008625190792
ALL_PROSTAD,biopmdt_to_biopsy,47,2.5789473684210527,0.837707816583391
ALL_PROSTAD,biopmdt_to_biopsy,48,2.5,0.8574929257125442
ALL_PROSTAD,biopmdt_to_biopsy,49,2.6,0.99472291830968
ALL_PROSTAD,biopmdt_to_biopsy,50,2.142857142857143,1.2149857925879117
ALL_PROSTAD,biopsy_to_pathrep,0,2.0,0.9176629354822471
ALL_PROSTAD,biopsy_to_pathrep,1,2.1875,0.9810708435174292
ALL_PROSTAD,biopsy_to_pathrep,2,2.2222222222222223,1.114374293206496
ALL_PROSTAD,biopsy_to_pathrep,3,2.526315789473684,1.3891812557774843
ALL_PROSTAD,biopsy_to_pathrep,4,2.2222222222222223,1.0602749674192764
ALL_PROSTAD,biopsy_to_pathrep,5,2.1052631578947367,1.1496249070460263
ALL_PROSTAD,biopsy_to_pathrep,6,2.611111111111111,1.500544563459581
ALL_PROSTAD,biopsy_to_pathrep,7,2.7,1.6254554017744982
ALL_PROSTAD,biopsy_to_pathrep,8,2.526315789473684,1.3485968449808852
ALL_PROSTAD,biopsy_to_pathrep,9,2.6,1.3138933706635725
ALL_PROSTAD,biopsy_to_pathrep,10,1.6842105263157894,0.5823927253578186
ALL_PROSTAD,biopsy_to_pathrep,11,3.1052631578947367,1.8825141829805179
ALL_PROSTAD,biopsy_to_pathrep,12,2.736842105263158,0.9911892555667041
ALL_PROSTAD,biopsy_to_pathrep,13,2.526315789473684,1.4286131990551605
ALL_PROSTAD,biopsy_to_pathrep,14,2.6842105263157894,1.4926721593968975
ALL_PROSTAD,biopsy_to_pathrep,15,2.3333333333333335,1.137592917989042
ALL_PROSTAD,biopsy_to_pathrep,16,2.2941176470588234,1.3585242858683528
ALL_PROSTAD,biopsy_to_pathrep,17,2.6666666666666665,1.414213562373095
ALL_PROSTAD,biopsy_to_pathrep,18,2.55,1.190974832912761
ALL_PROSTAD,biopsy_to_pathrep,19,2.2,1.3218806379747876
ALL_PROSTAD,biopsy_to_pathrep,20,2.75,1.292692009559488
ALL_PROSTAD,biopsy_to_pathrep,21,2.6,1.2732056517228265
ALL_PROSTAD,biopsy_to_pathrep,22,2.8947368421052633,1.2864566686188532
ALL_PROSTAD,biopsy_to_pathrep,23,2.611111111111111,1.2897281468629185
ALL_PROSTAD,biopsy_to_pathrep,24,2.7222222222222223,1.564516672426553
ALL_PROSTAD,biopsy_to_pathrep,25,2.7058823529411766,1.3585242858683526
ALL_PROSTAD,biopsy_to_pathrep,26,2.611111111111111,0.9785276387866012
ALL_PROSTAD,biopsy_to_pathrep,27,2.4705882352941178,1.5048939771136507
ALL_PROSTAD,biopsy_to_pathrep,28,2.789473684210526,1.7184924714030625
ALL_PROSTAD,biopsy_to_pathrep,29,2.388888888888889,1.7868437137915392
ALL_PROSTAD,biopsy_to_pathrep,30,2.4705882352941178,1.3746657347707991
ALL_PROSTAD,biopsy_to_pathrep,31,2.210526315789474,1.134261745631201
ALL_PROSTAD,biopsy_to_pathrep,32,2.263157894736842,0.933458638205125
ALL_PROSTAD,biopsy_to_pathrep,33,2.8333333333333335,1.5434872662825796
ALL_PROSTAD,biopsy_to_pathrep,34,2.3684210526315788,1.6736694986296652
ALL_PROSTAD,biopsy_to_pathrep,35,2.6,1.0954451150103321
ALL_PROSTAD,biopsy_to_pathrep,36,2.611111111111111,1.0921586228732254
ALL_PROSTAD,biopsy_to_pathrep,37,2.9473684210526314,1.223550580642996
ALL_PROSTAD,biopsy_to_pathrep,38,3.1,1.4104870379448817
ALL_PROSTAD,biopsy_to_pathrep,39,2.9473684210526314,1.393384536958932
ALL_PROSTAD,biopsy_to_pathrep,40,2.7058823529411766,1.2631659571466125
ALL_PROSTAD,biopsy_to_pathrep,41,2.5555555555555554,1.293523333527109
ALL_PROSTAD,biopsy_to_pathrep,42,3.4210526315789473,1.261207070569223
ALL_PROSTAD,biopsy_to_pathrep,43,1.9411764705882353,1.1440382552221602
ALL_PROSTAD,biopsy_to_pathrep,44,2.388888888888889,1.1950332945836273
ALL_PROSTAD,biopsy_to_pathrep,45,2.7222222222222223,1.3197840980097757
ALL_PROSTAD,biopsy_to_pathrep,46,2.0625,1.181453906563152
ALL_PROSTAD,biopsy_to_pathrep,47,1.7142857142857142,0.7559289460184544
ALL_PROSTAD,biopsy_to_pathrep,48,2.0,
ALL_PROSTAD,mri_to_report,0,2.85,1.348488432516786
ALL_PROSTAD,mri_to_report,1,3.85,0.48936048492959283
ALL_PROSTAD,mri_to_report,2,4.0,0.0
ALL_PROSTAD,mri_to_report,3,4.0,0.0
ALL_PROSTAD,mri_to_report,4,4.0,0.0
ALL_PROSTAD,mri_to_report,5,4.0,0.0
ALL_PROSTAD,mri_to_report,6,4.0,0.0
ALL_PROSTAD,mri_to_report,7,4.0,0.0
ALL_PROSTAD,mri_to_report,8,4.0,0.0
ALL_PROSTAD,mri_to_report,9,4.0,0.0
ALL_PROSTAD,mri_to_report,10,4.0,0.0
ALL_PROSTAD,mri_to_report,11,4.0,0.0
ALL_PROSTAD,mri_to_report,12,4.0,0.0
ALL_PROSTAD,mri_to_report,13,4.0,0.0
ALL_PROSTAD,mri_to_report,14,4.0,0.0
ALL_PROSTAD,mri_to_report,15,4.0,0.0
ALL_PROSTAD,mri_to_report,16,4.0,0.0
ALL_PROSTAD,mri_to_report,17,4.0,0.0
ALL_PROSTAD,mri_to_report,18,4.0,0.0
ALL_PROSTAD,mri_to_report,19,4.0,0.0
ALL_PROSTAD,mri_to_report,20,4.0,0.0
ALL_PROSTAD,mri_to_report,21,4.0,0.0
ALL_PROSTAD,mri_to_report,22,4.0,0.0
ALL_PROSTAD,mri_to_report,23,4.0,0.0
ALL_PROSTAD,mri_to_report,24,4.0,0.0
ALL_PROSTAD,mri_to_report,25,4.0,0.0
ALL_PROSTAD,mri_to_report,26,4.0,0.0
ALL_PROSTAD,mri_to_report,27,4.0,0.0
ALL_PROSTAD,mri_to_report,28,4.0,0.0
ALL_PROSTAD,mri_to_report,29,4.0,0.0
ALL_PROSTAD,mri_to_report,30,4.0,0.0
ALL_PROSTAD,mri_to_report,31,4.0,0.0
ALL_PROSTAD,mri_to_report,32,4.0,0.0
ALL_PROSTAD,mri_to_report,33,4.0,0.0
ALL_PROSTAD,mri_to_report,34,4.0,0.0
ALL_PROSTAD,mri_to_report,35,4.0,0.0
ALL_PROSTAD,mri_to_report,36,4.0,0.0
ALL_PROSTAD,mri_to_report,37,4.0,0.0
ALL_PROSTAD,mri_to_report,38,4.0,0.0
ALL_PROSTAD,mri_to_report,39,4.0,0.0
ALL_PROSTAD,mri_to_report,40,4.0,0.0
ALL_PROSTAD,mri_to_report,41,4.0,0.0
ALL_PROSTAD,mri_to_report,42,4.0,0.0
ALL_PROSTAD,mri_to_report,43,4.0,0.0
ALL_PROSTAD,mri_to_report,44,4.0,0.0
ALL_PROSTAD,mri_to_report,45,4.0,0.0
ALL_PROSTAD,mri_to_report,46,4.0,0.0
ALL_PROSTAD,mri_to_report,47,4.0,0.0
ALL_PROSTAD,mri_to_report,48,4.0,0.0
ALL_PROSTAD,mri_to_report,49,4.0,0.0
ALL_PROSTAD,mri_to_report,50,4.0,0.0
ALL_PROSTAD,pathrep_to_treatmdt,0,2.2,0.8335087534664907
ALL_PROSTAD,pathrep_to_treatmdt,1,1.9285714285714286,0.7300459115473718
ALL_PROSTAD,pathrep_to_treatmdt,2,2.2666666666666666,0.8837151016885368
ALL_PROSTAD,pathrep_to_treatmdt,3,2.111111111111111,1.450715397105405
ALL_PROSTAD,pathrep_to_treatmdt,4,2.4375,0.8139410298049853
ALL_PROSTAD,pathrep_to_treatmdt,5,2.4375,1.3149778198382915
ALL_PROSTAD,pathrep_to_treatmdt,6,2.5,1.1547005383792515
ALL_PROSTAD,pathrep_to_treatmdt,7,2.25,1.5275252316519468
ALL_PROSTAD,pathrep_to_treatmdt,8,2.2222222222222223,1.2153699778283715
ALL_PROSTAD,pathrep_to_treatmdt,9,2.3333333333333335,1.1881770515720091
ALL_PROSTAD,pathrep_to_treatmdt,10,2.0526315789473686,0.9112679939102143
ALL_PROSTAD,pathrep_to_treatmdt,11,2.3157894736842106,0.88522637273985
ALL_PROSTAD,pathrep_to_treatmdt,12,1.9444444444444444,1.1099667309387475
ALL_PROSTAD,pathrep_to_treatmdt,13,2.2777777777777777,1.1785113019775793
ALL_PROSTAD,pathrep_to_treatmdt,14,2.533333333333333,0.990430401872025
ALL_PROSTAD,pathrep_to_treatmdt,15,2.6,0.7367883976130073
ALL_PROSTAD,pathrep_to_treatmdt,16,1.8666666666666667,0.9154754164341268
ALL_PROSTAD,pathrep_to_treatmdt,17,1.7222222222222223,0.8264420947336313
ALL_PROSTAD,pathrep_to_treatmdt,18,1.8421052631578947,0.6882472016116853
ALL_PROSTAD,pathrep_to_treatmdt,19,2.210526315789474,1.2727462594467416
ALL_PROSTAD,pathrep_to_treatmdt,20,2.65,1.3869694338832115
ALL_PROSTAD,pathrep_to_treatmdt,21,2.4375,1.4591664287073858
ALL_PROSTAD,pathrep_to_treatmdt,22,2.5,1.2947859237091257
ALL_PROSTAD,pathrep_to_treatmdt,23,2.111111111111111,1.1826634392157036
ALL_PROSTAD,pathrep_to_treatmdt,24,2.1578947368421053,0.8983415518941831
ALL_PROSTAD,pathrep_to_treatmdt,25,2.1875,0.9105858919765157
ALL_PROSTAD,pathrep_to_treatmdt,26,2.0,1.0846522890932808
ALL_PROSTAD,pathrep_to_treatmdt,27,2.466666666666667,1.1872336794093272
ALL_PROSTAD,pathrep_to_treatmdt,28,2.0625,1.181453906563152
ALL_PROSTAD,pathrep_to_treatmdt,29,1.8823529411764706,0.6966305460192361
ALL_PROSTAD,pathrep_to_treatmdt,30,2.0555555555555554,0.8726040960806521
ALL_PROSTAD,pathrep_to_treatmdt,31,1.9411764705882353,0.747545001596402
ALL_PROSTAD,pathrep_to_treatmdt,32,2.65,1.4244112357114613
ALL_PROSTAD,pathrep_to_treatmdt,33,1.7647058823529411,0.7524469885568253
ALL_PROSTAD,pathrep_to_treatmdt,34,2.2222222222222223,1.2153699778283713
ALL_PROSTAD,pathrep_to_treatmdt,35,2.0526315789473686,1.1290942392774799
ALL_PROSTAD,pathrep_to_treatmdt,36,2.45,1.3168942730211068
ALL_PROSTAD,pathrep_to_treatmdt,37,2.210526315789474,0.917662935482247
ALL_PROSTAD,pathrep_to_treatmdt,38,2.5789473684210527,1.5024346712987116
ALL_PROSTAD,pathrep_to_treatmdt,39,2.388888888888889,1.3345582608616182
ALL_PROSTAD,pathrep_to_treatmdt,40,2.3157894736842106,1.2495613265350083
ALL_PROSTAD,pathrep_to_treatmdt,41,2.5,1.294785923709126
ALL_PROSTAD,pathrep_to_treatmdt,42,2.388888888888889,1.3345582608616184
ALL_PROSTAD,pathrep_to_treatmdt,43,1.8461538461538463,0.898717034272917
ALL_PROSTAD,pathrep_to_treatmdt,44,1.8235294117647058,1.1850788010532811
ALL_PROSTAD,pathrep_to_treatmdt,45,2.25,1.2817398889233114
ALL_PROSTAD,pathrep_to_treatmdt,46,1.5,0.5773502691896257
ALL_PROSTAD,pathrep_to_treatmdt,47,1.0,0.0
ALL_PROSTAD,ref_to_mri,0,9.6,3.53031980063235
ALL_PROSTAD,ref_to_mri,1,9.25,1.9701723141310308
ALL_PROSTAD,ref_to_mri,2,8.5,3.4716900176927328
ALL_PROSTAD,ref_to_mri,3,9.0,3.0435436410107286
ALL_PROSTAD,ref_to_mri,4,8.55,3.3635038122078655
ALL_PROSTAD,ref_to_mri,5,9.25,3.3697571363370886
ALL_PROSTAD,ref_to_mri,6,8.8,2.4408799103688215
ALL_PROSTAD,ref_to_mri,7,8.5,2.724160904127902
ALL_PROSTAD,ref_to_mri,8,9.1,2.9540338165758504
ALL_PROSTAD,ref_to_mri,9,7.6,3.7612987678530176
ALL_PROSTAD,ref_to_mri,10,8.25,2.826100158391977
ALL_PROSTAD,ref_to_mri,11,8.15,2.158825216591068
ALL_PROSTAD,ref_to_mri,12,9.55,2.038446260732604
ALL_PROSTAD,ref_to_mri,13,9.25,3.3697571363370886
ALL_PROSTAD,ref_to_mri,14,9.95,3.3003189638515087
ALL_PROSTAD,ref_to_mri,15,8.1,3.2101811721295013
ALL_PROSTAD,ref_to_mri,16,8.6,2.6237779110122466
ALL_PROSTAD,ref_to_mri,17,7.7,3.2297954962146473
ALL_PROSTAD,ref_to_mri,18,8.75,2.76966651992238
ALL_PROSTAD,ref_to_mri,19,9.0,3.387282717832439
ALL_PROSTAD,ref_to_mri,20,8.65,2.6011131220468307
ALL_PROSTAD,ref_to_mri,21,9.45,2.910507280798134
ALL_PROSTAD,ref_to_mri,22,8.75,2.446802424647964
ALL_PROSTAD,ref_to_mri,23,9.65,3.030980386815982
ALL_PROSTAD,ref_to_mri,24,6.45,2.502104377476982
ALL_PROSTAD,ref_to_mri,25,8.4,3.135534874207018
ALL_PROSTAD,ref_to_mri,26,8.65,3.1334359818945683
ALL_PROSTAD,ref_to_mri,27,8.5,1.9056702094980709
ALL_PROSTAD,ref_to_mri,28,9.8,2.1423056934551905
ALL_PROSTAD,ref_to_mri,29,8.75,2.359192546971147
ALL_PROSTAD,ref_to_mri,30,8.55,2.928534751283257
ALL_PROSTAD,ref_to_mri,31,8.9,3.076224617081276
ALL_PROSTAD,ref_to_mri,32,9.5,2.1884866196096624
ALL_PROSTAD,ref_to_mri,33,8.35,3.1334359818945687
ALL_PROSTAD,ref_to_mri,34,8.65,2.2307657406087453
ALL_PROSTAD,ref_to_mri,35,9.3,2.867237805201889
ALL_PROSTAD,ref_to_mri,36,8.75,2.863104682168054
ALL_PROSTAD,ref_to_mri,37,9.8,2.930780388260186
ALL_PROSTAD,ref_to_mri,38,6.8,2.546411303445653
ALL_PROSTAD,ref_to_mri,39,9.05,2.6452539426400317
ALL_PROSTAD,ref_to_mri,40,8.75,2.692582403567252
ALL_PROSTAD,ref_to_mri,41,8.85,2.5188761069384222
ALL_PROSTAD,ref_to_mri,42,8.5,2.564945880212885
ALL_PROSTAD,ref_to_mri,43,8.5,2.7815179498365916
ALL_PROSTAD,ref_to_mri,44,8.25,2.6132254721743884
ALL_PROSTAD,ref_to_mri,45,9.3,3.2622239750142685
ALL_PROSTAD,ref_to_mri,46,8.7,2.9217874846167637
ALL_PROSTAD,ref_to_mri,47,8.05,3.6197557347074363
ALL_PROSTAD,ref_to_mri,48,9.4,2.5005262603994716
ALL_PROSTAD,ref_to_mri,49,8.7,2.473012226755907
ALL_PROSTAD,ref_to_mri,50,8.6,2.702825032793417
ALL_PROSTAD,ref_to_mri,51,9.15,3.842627938492642
ALL_PROSTAD,ref_to_mri,52,2.1333333333333333,1.3557637102737476
ALL_PROSTAD,report_to_biopmdt,0,2.85,1.348488432516786
ALL_PROSTAD,report_to_biopmdt,1,3.85,0.48936048492959283
ALL_PROSTAD,report_to_biopmdt,2,4.0,0.0
ALL_PROSTAD,report_to_biopmdt,3,4.0,0.0
ALL_PROSTAD,report_to_biopmdt,4,4.0,0.0
ALL_PROSTAD,report_to_biopmdt,5,4.0,0.0
ALL_PROSTAD,report_to_biopmdt,6,4.0,0.0
ALL_PROSTAD,report_to_biopmdt,7,4.0,0.0
ALL_PROSTAD,report_to_biopmdt,8,4.0,0.0
ALL_PROSTAD,report_to_biopmdt,9,4.0,0.0
ALL_PROSTAD,report_to_biopmdt,10,4.0,0.0
ALL_PROSTAD,report_to_biopmdt,11,4.0,0.0
ALL_PROSTAD,report_to_biopmdt,12,4.0,0.0
ALL_PROSTAD,report_to_biopmdt,13,4.0,0.0
ALL_PROSTAD,report_to_biopmdt,14,4.0,0.0
ALL_PROSTAD,report_to_biopmdt,15,4.0,0.0
ALL_PROSTAD,report_to_biopmdt,16,4.0,0.0
ALL_PROSTAD,report_to_biopmdt,17,4.0,0.0
ALL_PROSTAD,report_to_biopmdt,18,4.0,0.0
ALL_PROSTAD,report_to_biopmdt,19,4.0,0.0
ALL_PROSTAD,report_to_biopmdt,20,4.0,0.0
ALL_PROSTAD,report_to_biopmdt,21,4.0,0.0
ALL_PROSTAD,report_to_biopmdt,22,4.0,0.0
ALL_PROSTAD,report_to_biopmdt,23,4.0,0.0
ALL_PROSTAD,report_to_biopmdt,24,4.0,0.0
ALL_PROSTAD,report_to_biopmdt,25,4.0,0.0
ALL_PROSTAD,report_to_biopmdt,26,4.0,0.0
ALL_PROSTAD,report_to_biopmdt,27,4.0,0.0
ALL_PROSTAD,report_to_biopmdt,28,4.0,0.0
ALL_PROSTAD,report_to_biopmdt,29,4.0,0.0
ALL_PROSTAD,report_to_biopmdt,30,4.0,0.0
ALL_PROSTAD,report_to_biopmdt,31,4.0,0.0
ALL_PROSTAD,report_to_biopmdt,32,4.0,0.0
ALL_PROSTAD,report_to_biopmdt,33,4.0,0.0
ALL_PROSTAD,report_to_biopmdt,34,4.0,0.0
ALL_PROSTAD,report_to_biopmdt,35,4.0,0.0
ALL_PROSTAD,report_to_biopmdt,36,4.0,0.0
ALL_PROSTAD,report_to_biopmdt,37,4.0,0.0
ALL_PROSTAD,report_to_biopmdt,38,4.0,0.0
ALL_PROSTAD,report_to_biopmdt,39,4.0,0.0
ALL_PROSTAD,report_to_biopmdt,40,4.0,0.0
ALL_PROSTAD,report_to_biopmdt,41,4.0,0.0
ALL_PROSTAD,report_to_biopmdt,42,4.0,0.0
ALL_PROSTAD,report_to_biopmdt,43,4.0,0.0
ALL_PROSTAD,report_to_biopmdt,44,4.0,0.0
ALL_PROSTAD,report_to_biopmdt,45,4.0,0.0
ALL_PROSTAD,report_to_biopmdt,46,4.0,0.0
ALL_PROSTAD,report_to_biopmdt,47,4.0,0.0
ALL_PROSTAD,report_to_biopmdt,48,4.0,0.0
ALL_PROSTAD,report_to_biopmdt,49,4.0,0.0
ALL_PROSTAD,report_to_biopmdt,50,4.0,0.0
ALL_PROSTAD,treatmdt_to_outpat,0,2.2,0.9514531821875087
ALL_PROSTAD,treatmdt_to_outpat,1,1.75,1.1254628677422753
ALL_PROSTAD,treatmdt_to_outpat,2,2.1176470588235294,1.1663164740528442
ALL_PROSTAD,treatmdt_to_outpat,3,2.2222222222222223,1.2153699778283713
ALL_PROSTAD,treatmdt_to_outpat,4,1.8571428571428572,0.7703288865196434
ALL_PROSTAD,treatmdt_to_outpat,5,2.4444444444444446,0.9217771979249534
ALL_PROSTAD,treatmdt_to_outpat,6,2.2666666666666666,1.0327955589886444
ALL_PROSTAD,treatmdt_to_outpat,7,2.2777777777777777,1.0740552924509197
ALL_PROSTAD,treatmdt_to_outpat,8,2.1578947368421053,1.213953957333768
ALL_PROSTAD,treatmdt_to_outpat,9,2.1666666666666665,0.9235481451827989
ALL_PROSTAD,treatmdt_to_outpat,10,1.9473684210526316,0.8481145238787242
ALL_PROSTAD,treatmdt_to_outpat,11,2.15,1.1367080817685318
ALL_PROSTAD,treatmdt_to_outpat,12,2.1052631578947367,1.242521488394791
ALL_PROSTAD,treatmdt_to_outpat,13,2.176470588235294,1.0744355563298724
ALL_PROSTAD,treatmdt_to_outpat,14,2.235294117647059,1.147247344990711
ALL_PROSTAD,treatmdt_to_outpat,15,1.8888888888888888,0.8323523637957305
ALL_PROSTAD,treatmdt_to_outpat,16,2.5625,1.2093386622447824
ALL_PROSTAD,treatmdt_to_outpat,17,1.6842105263157894,1.1081832770072813
ALL_PROSTAD,treatmdt_to_outpat,18,2.235294117647059,1.0325582165612919
ALL_PROSTAD,treatmdt_to_outpat,19,2.1666666666666665,1.2485285456935955
ALL_PROSTAD,treatmdt_to_outpat,20,2.2777777777777777,1.5264551613058026
ALL_PROSTAD,treatmdt_to_outpat,21,2.4705882352941178,1.1245914290767742
ALL_PROSTAD,treatmdt_to_outpat,22,2.5,1.0431851677040116
ALL_PROSTAD,treatmdt_to_outpat,23,2.235294117647059,1.2004900959975617
ALL_PROSTAD,treatmdt_to_outpat,24,2.3529411764705883,1.0571882797418488
ALL_PROSTAD,treatmdt_to_outpat,25,2.210526315789474,1.0316624861746777
ALL_PROSTAD,treatmdt_to_outpat,26,2.3333333333333335,0.9074852129730302
ALL_PROSTAD,treatmdt_to_outpat,27,2.0555555555555554,1.1099667309387475
ALL_PROSTAD,treatmdt_to_outpat,28,1.8823529411764706,0.696630546019236
ALL_PROSTAD,treatmdt_to_outpat,29,1.8,0.6761234037828133
ALL_PROSTAD,treatmdt_to_outpat,30,2.0,1.2110601416389966
ALL_PROSTAD,treatmdt_to_outpat,31,2.6,1.1876558069531231
ALL_PROSTAD,treatmdt_to_outpat,32,2.4,1.231174022502185
ALL_PROSTAD,treatmdt_to_outpat,33,1.7647058823529411,0.9034248560828042
ALL_PROSTAD,treatmdt_to_outpat,34,1.95,1.050062654772261
ALL_PROSTAD,treatmdt_to_outpat,35,2.6875,1.25
ALL_PROSTAD,treatmdt_to_outpat,36,2.0526315789473686,1.3933845369589317
ALL_PROSTAD,treatmdt_to_outpat,37,2.533333333333333,0.9904304018720249
ALL_PROSTAD,treatmdt_to_outpat,38,2.15,0.812727700887249
ALL_PROSTAD,treatmdt_to_outpat,39,2.1666666666666665,0.9235481451827989
ALL_PROSTAD,treatmdt_to_outpat,40,2.473684210526316,1.4286131990551605
ALL_PROSTAD,treatmdt_to_outpat,41,2.736842105263158,1.2841817655680772
ALL_PROSTAD,treatmdt_to_outpat,42,2.3333333333333335,1.1126972805283735
ALL_PROSTAD,treatmdt_to_outpat,43,1.7272727272727273,0.6466697906828632
ALL_PROSTAD,treatmdt_to_outpat,44,1.8571428571428572,0.8997354108424375
ALL_PROSTAD,treatmdt_to_outpat,45,2.2,1.3038404810405297
OBS_MIX,biopmdt_to_biopsy,0,1.95,1.234376040972246
OBS_MIX,biopmdt_to_biopsy,1,3.05,1.3168942730211068
OBS_MIX,biopmdt_to_biopsy,2,3.263157894736842,1.367971136113539
OBS_MIX,biopmdt_to_biopsy,3,3.75,1.5852942612451615
OBS_MIX,biopmdt_to_biopsy,4,4.75,1.55173926187427
OBS_MIX,biopmdt_to_biopsy,5,5.0,2.0774478269463734
OBS_MIX,biopmdt_to_biopsy,6,5.05,1.79105966869954
OBS_MIX,biopmdt_to_biopsy,7,4.85,1.6630662866176473
OBS_MIX,biopmdt_to_biopsy,8,4.2,1.6415653633362466
OBS_MIX,biopmdt_to_biopsy,9,4.85,1.755442664221313
OBS_MIX,biopmdt_to_biopsy,10,5.15,1.4244112357114616
OBS_MIX,biopmdt_to_biopsy,11,6.2,2.2849622823099174
OBS_MIX,biopmdt_to_biopsy,12,4.4,1.788854381999832
OBS_MIX,biopmdt_to_biopsy,13,5.0,1.885618083164127
OBS_MIX,biopmdt_to_biopsy,14,4.7894736842105265,1.5839103288458476
OBS_MIX,biopmdt_to_biopsy,15,4.45,2.282081229238369
OBS_MIX,biopmdt_to_biopsy,16,4.65,1.9269556026896006
OBS_MIX,biopmdt_to_biopsy,17,5.35,2.2307657406087453
OBS_MIX,biopmdt_to_biopsy,18,4.85,1.6630662866176473
OBS_MIX,biopmdt_to_biopsy,19,5.6,1.5355437918998291
OBS_MIX,biopmdt_to_biopsy,20,4.7,1.4903196407411894
OBS_MIX,biopmdt_to_biopsy,21,5.15,1.8431951662948316
OBS_MIX,biopmdt_to_biopsy,22,5.105263157894737,2.078854835456431
OBS_MIX,biopmdt_to_biopsy,23,5.45,1.7614288458371996
OBS_MIX,biopmdt_to_biopsy,24,5.95,2.258900524358558
OBS_MIX,biopmdt_to_biopsy,25,4.05,1.234376040972246
OBS_MIX,biopmdt_to_biopsy,26,5.25,2.712058841156426
OBS_MIX,biopmdt_to_biopsy,27,4.6,1.6026294183720637
OBS_MIX,biopmdt_to_biopsy,28,4.65,1.4244112357114613
OBS_MIX,biopmdt_to_biopsy,29,5.05,1.820208200931103
OBS_MIX,biopmdt_to_biopsy,30,5.15,1.565247584249853
OBS_MIX,biopmdt_to_biopsy,31,5.15,1.9269556026896004
OBS_MIX,biopmdt_to_biopsy,32,5.3,1.750187959830841
OBS_MIX,biopmdt_to_biopsy,33,4.7,1.3018205875255096
OBS_MIX,biopmdt_to_biopsy,34,4.85,2.183068820189645
OBS_MIX,biopmdt_to_biopsy,35,4.7894736842105265,1.7819760370137498
OBS_MIX,biopmdt_to_biopsy,36,4.9,1.4473205733717953
OBS_MIX,biopmdt_to_biopsy,37,4.4,1.0954451150103324
OBS_MIX,biopmdt_to_biopsy,38,5.35,2.007223796297028
OBS_MIX,biopmdt_to_biopsy,39,5.65,2.0332758116683998
OBS_MIX,biopmdt_to_biopsy,40,4.8,1.704483252453581
OBS_MIX,biopmdt_to_biopsy,41,5.7,1.9761738683361687
OBS_MIX,biopmdt_to_biopsy,42,4.9,1.7137217117324381
OBS_MIX,biopmdt_to_biopsy,43,5.65,2.1830688201896455
OBS_MIX,biopmdt_to_biopsy,44,4.4,1.984147702481637
OBS_MIX,biopmdt_to_biopsy,45,4.7,1.8093325317714033
OBS_MIX,biopmdt_to_biopsy,46,5.5,1.4689774459950384
OBS_MIX,biopmdt_to_biopsy,47,5.9,2.1001253095445223
OBS_MIX,biopmdt_to_biopsy,48,4.578947368421052,1.804801911989365
OBS_MIX,biopmdt_to_biopsy,49,5.052631578947368,2.172394587917682
OBS_MIX,biopmdt_to_biopsy,50,3.0,1.0
OBS_MIX,biopsy_to_pathrep,0,2.85,1.6944180805158293
OBS_MIX,biopsy_to_pathrep,1,2.611111111111111,1.2897281468629183
OBS_MIX,biopsy_to_pathrep,2,2.8421052631578947,1.5004872502970805
OBS_MIX,biopsy_to_pathrep,3,3.35,1.5985190514644287
OBS_MIX,biopsy_to_pathrep,4,3.5789473684210527,2.1938243997813553
OBS_MIX,biopsy_to_pathrep,5,4.8,1.5423836644690754
OBS_MIX,biopsy_to_pathrep,6,4.45,1.8488972531299783
OBS_MIX,biopsy_to_pathrep,7,4.55,2.1144863753590246
OBS_MIX,biopsy_to_pathrep,8,5.35,1.8431951662948316
OBS_MIX,biopsy_to_pathrep,9,5.05,2.258900524358558
OBS_MIX,biopsy_to_pathrep,10,5.0,2.2242680641174144
OBS_MIX,biopsy_to_pathrep,11,5.05,1.9861361590045288
OBS_MIX,biopsy_to_pathrep,12,4.8,2.117595458607661
OBS_MIX,biopsy_to_pathrep,13,5.0,1.9436506316151
OBS_MIX,biopsy_to_pathrep,14,4.5,2.328315406378386
OBS_MIX,biopsy_to_pathrep,15,5.3,2.0287408591745297
OBS_MIX,biopsy_to_pathrep,16,4.2,2.117595458607661
OBS_MIX,biopsy_to_pathrep,17,4.4,2.1126187291456167
OBS_MIX,biopsy_to_pathrep,18,6.0,2.6950246556825492
OBS_MIX,biopsy_to_pathrep,19,5.894736842105263,2.401266722241623
OBS_MIX,biopsy_to_pathrep,20,5.2,1.9358120830939742
OBS_MIX,biopsy_to_pathrep,21,4.8,1.1964860832322375
OBS_MIX,biopsy_to_pathrep,22,4.315789473684211,2.05622717019268
OBS_MIX,biopsy_to_pathrep,23,5.35,2.300457620378584
OBS_MIX,biopsy_to_pathrep,24,4.9,2.04939015319192
OBS_MIX,biopsy_to_pathrep,25,5.473684210526316,2.653476148849772
OBS_MIX,biopsy_to_pathrep,26,4.45,2.0384462607326044
OBS_MIX,biopsy_to_pathrep,27,5.25,1.7733405882980469
OBS_MIX,biopsy_to_pathrep,28,5.55,2.54382637606794
OBS_MIX,biopsy_to_pathrep,29,4.4,2.186080366414065
OBS_MIX,biopsy_to_pathrep,30,5.25,1.9432745018328428
OBS_MIX,biopsy_to_pathrep,31,5.55,2.394621165511528
OBS_MIX,biopsy_to_pathrep,32,4.95,1.8771478925557026
OBS_MIX,biopsy_to_pathrep,33,4.684210526315789,2.0830701588159983
OBS_MIX,biopsy_to_pathrep,34,4.55,1.7312909694943344
OBS_MIX,biopsy_to_pathrep,35,5.2,2.142305693455191
OBS_MIX,biopsy_to_pathrep,36,4.684210526315789,1.7337381443621678
OBS_MIX,biopsy_to_pathrep,37,4.9,2.6536965280826466
OBS_MIX,biopsy_to_pathrep,38,5.0,1.7167901505579042
OBS_MIX,biopsy_to_pathrep,39,5.4,2.2337129816094383
OBS_MIX,biopsy_to_pathrep,40,4.95,2.502104377476982
OBS_MIX,biopsy_to_pathrep,41,5.578947368421052,2.433922062882691
OBS_MIX,biopsy_to_pathrep,42,5.3,1.8666040089734592
OBS_MIX,biopsy_to_pathrep,43,5.65,1.8144159564878983
OBS_MIX,biopsy_to_pathrep,44,3.736842105263158,1.7588539596743067
OBS_MIX,biopsy_to_pathrep,45,4.529411764705882,2.6485290034947586
OBS_MIX,biopsy_to_pathrep,46,4.928571428571429,2.0926349130034314
OBS_MIX,biopsy_to_pathrep,47,4.5,2.3804761428476167
OBS_MIX,biopsy_to_pathrep,48,5.0,
OBS_MIX,mri_to_report,0,4.0,2.176428750330035
OBS_MIX,mri_to_report,1,5.95,1.9324105480761042
OBS_MIX,mri_to_report,2,7.6,2.010498759800138
OBS_MIX,mri_to_report,3,7.3,1.5927467172350906
OBS_MIX,mri_to_report,4,7.75,2.2682012349227887
OBS_MIX,mri_to_report,5,7.55,2.0894471693929497
OBS_MIX,mri_to_report,6,8.5,2.481510575605533
OBS_MIX,mri_to_report,7,7.7,2.0545200489600846
OBS_MIX,mri_to_report,8,8.35,2.5188761069384222
OBS_MIX,mri_to_report,9,8.15,1.6311119875071343
OBS_MIX,mri_to_report,10,8.2,2.067289096988207
OBS_MIX,mri_to_report,11,8.15,1.7851728502481654
OBS_MIX,mri_to_report,12,9.25,2.048748013068623
OBS_MIX,mri_to_report,13,7.95,1.932410548076104
OBS_MIX,mri_to_report,14,8.15,2.0332758116683998
OBS_MIX,mri_to_report,15,7.7,2.38636477557503
OBS_MIX,mri_to_report,16,8.85,2.3902213066443956
OBS_MIX,mri_to_report,17,8.0,1.8064212949190013
OBS_MIX,mri_to_report,18,8.15,2.277463963548745
OBS_MIX,mri_to_report,19,8.7,2.5975697143777743
OBS_MIX,mri_to_report,20,7.6,1.7888543819998317
OBS_MIX,mri_to_report,21,7.85,2.1095023109728985
OBS_MIX,mri_to_report,22,7.95,1.5035046776746235
OBS_MIX,mri_to_report,23,9.35,2.158825216591068
OBS_MIX,mri_to_report,24,9.05,2.0124611797498106
OBS_MIX,mri_to_report,25,7.95,2.3725402775129134
OBS_MIX,mri_to_report,26,7.85,1.4244112357114613
OBS_MIX,mri_to_report,27,7.85,1.9269556026896006
OBS_MIX,mri_to_report,28,8.3,1.6575187543592473
OBS_MIX,mri_to_report,29,8.75,1.831737742662616
OBS_MIX,mri_to_report,30,8.4,2.186080366414065
OBS_MIX,mri_to_report,31,8.8,1.7947291248483563
OBS_MIX,mri_to_report,32,8.85,2.0332758116683998
OBS_MIX,mri_to_report,33,8.3,2.6377821625073787
OBS_MIX,mri_to_report,34,7.55,1.6375527311718612
OBS_MIX,mri_to_report,35,7.45,1.3945382182304158
OBS_MIX,mri_to_report,36,8.1,1.5525869752736798
OBS_MIX,mri_to_report,37,7.95,1.7910596686995397
OBS_MIX,mri_to_report,38,9.15,2.300457620378583
OBS_MIX,mri_to_report,39,9.65,2.560324814919923
OBS_MIX,mri_to_report,40,7.7,1.6254554017744984
OBS_MIX,mri_to_report,41,8.1,2.2454632624823536
OBS_MIX,mri_to_report,42,8.2,1.8524521444205841
OBS_MIX,mri_to_report,43,8.45,1.9324105480761042
OBS_MIX,mri_to_report,44,8.2,1.9894458366193601
OBS_MIX,mri_to_report,45,8.95,2.30502882731146
OBS_MIX,mri_to_report,46,7.85,1.8431951662948314
OBS_MIX,mri_to_report,47,8.1,2.6337885460422137
OBS_MIX,mri_to_report,48,8.55,2.5230516193063135
OBS_MIX,mri_to_report,49,8.75,2.1490511982341367
OBS_MIX,mri_to_report,50,5.0,2.7386127875258306
OBS_MIX,pathrep_to_treatmdt,0,1.9,0.718184846459608
OBS_MIX,pathrep_to_treatmdt,1,2.111111111111111,1.4095843729891318
OBS_MIX,pathrep_to_treatmdt,2,2.4444444444444446,0.9835244081556432
OBS_MIX,pathrep_to_treatmdt,3,2.611111111111111,1.1447521637192346
OBS_MIX,pathrep_to_treatmdt,4,3.4210526315789473,1.9239943830388155
OBS_MIX,pathrep_to_treatmdt,5,3.526315789473684,1.6454793645565071
OBS_MIX,pathrep_to_treatmdt,6,4.0,1.8064212949190013
OBS_MIX,pathrep_to_treatmdt,7,3.85,2.0332758116683998
OBS_MIX,pathrep_to_treatmdt,8,4.2,2.1667341419992585
OBS_MIX,pathrep_to_treatmdt,9,4.0,2.260776661041756
OBS_MIX,pathrep_to_treatmdt,10,4.444444444444445,1.854159781877502
OBS_MIX,pathrep_to_treatmdt,11,4.0,1.6222142113076252
OBS_MIX,pathrep_to_treatmdt,12,4.15,1.8715318802914815
OBS_MIX,pathrep_to_treatmdt,13,3.526315789473684,1.6789024540730166
OBS_MIX,pathrep_to_treatmdt,14,4.473684210526316,2.269812059097786
OBS_MIX,pathrep_to_treatmdt,15,3.75,1.6503588126605426
OBS_MIX,pathrep_to_treatmdt,16,3.75,1.9701723141310308
OBS_MIX,pathrep_to_treatmdt,17,3.75,1.88832981062213
OBS_MIX,pathrep_to_treatmdt,18,4.55,2.2354794611117836
OBS_MIX,pathrep_to_treatmdt,19,4.85,2.5603248149199227
OBS_MIX,pathrep_to_treatmdt,20,4.1,1.651155894963793
OBS_MIX,pathrep_to_treatmdt,21,4.2,2.261811104775156
OBS_MIX,pathrep_to_treatmdt,22,3.6315789473684212,1.4609938138050442
OBS_MIX,pathrep_to_treatmdt,23,4.0,2.077447826946374
OBS_MIX,pathrep_to_treatmdt,24,4.4,1.8750438591361567
OBS_MIX,pathrep_to_treatmdt,25,4.052631578947368,1.985326287499427
OBS_MIX,pathrep_to_treatmdt,26,3.35,1.9269556026896009
OBS_MIX,pathrep_to_treatmdt,27,4.5,1.820930936000652
OBS_MIX,pathrep_to_treatmdt,28,4.35,2.0332758116683998
OBS_MIX,pathrep_to_treatmdt,29,3.45,1.394538218230416
OBS_MIX,pathrep_to_treatmdt,30,4.35,1.9269556026896004
OBS_MIX,pathrep_to_treatmdt,31,4.4,2.1618705350983243
OBS_MIX,pathrep_to_treatmdt,32,4.2,1.823819012257983
OBS_MIX,pathrep_to_treatmdt,33,4.45,1.7614288458371994
OBS_MIX,pathrep_to_treatmdt,34,3.3,1.6575187543592473
OBS_MIX,pathrep_to_treatmdt,35,4.15,1.5312533566021216
OBS_MIX,pathrep_to_treatmdt,36,3.75,1.943274501832843
OBS_MIX,pathrep_to_treatmdt,37,4.2,2.52565780905115
OBS_MIX,pathrep_to_treatmdt,38,4.3,2.1788456625132104
OBS_MIX,pathrep_to_treatmdt,39,4.2,1.5078740698501039
OBS_MIX,pathrep_to_treatmdt,40,3.8421052631578947,2.4327204226895374
OBS_MIX,pathrep_to_treatmdt,41,5.052631578947368,1.8096557134354563
OBS_MIX,pathrep_to_treatmdt,42,4.5,2.305599590927317
OBS_MIX,pathrep_to_treatmdt,43,4.2105263157894735,1.7184924714030625
OBS_MIX,pathrep_to_treatmdt,44,3.5,1.790497794732285
OBS_MIX,pathrep_to_treatmdt,45,3.3846153846153846,1.5566235649883127
OBS_MIX,pathrep_to_treatmdt,46,3.6,2.9664793948382653
OBS_MIX,pathrep_to_treatmdt,47,1.0,
OBS_MIX,ref_to_mri,0,9.6,3.53031980063235
OBS_MIX,ref_to_mri,1,9.25,1.9701723141310308
OBS_MIX,ref_to_mri,2,8.5,3.4716900176927328
OBS_MIX,ref_to_mri,3,9.0,3.0435436410107286
OBS_MIX,ref_to_mri,4,8.55,3.3635038122078655
OBS_MIX,ref_to_mri,5,9.25,3.3697571363370886
OBS_MIX,ref_to_mri,6,8.8,2.4408799103688215
OBS_MIX,ref_to_mri,7,8.5,2.724160904127902
OBS_MIX,ref_to_mri,8,9.1,2.9540338165758504
OBS_MIX,ref_to_mri,9,7.6,3.7612987678530176
OBS_MIX,ref_to_mri,10,8.25,2.826100158391977
OBS_MIX,ref_to_mri,11,8.15,2.158825216591068
OBS_MIX,ref_to_mri,12,9.55,2.038446260732604
OBS_MIX,ref_to_mri,13,9.25,3.3697571363370886
OBS_MIX,ref_to_mri,14,9.95,3.3003189638515087
OBS_MIX,ref_to_mri,15,8.1,3.2101811721295013
OBS_MIX,ref_to_mri,16,8.6,2.6237779110122466
OBS_MIX,ref_to_mri,17,7.7,3.2297954962146473
OBS_MIX,ref_to_mri,18,8.75,2.76966651992238
OBS_MIX,ref_to_mri,19,9.0,3.387282717832439
OBS_MIX,ref_to_mri,20,8.65,2.6011131220468307
OBS_MIX,ref_to_mri,21,9.45,2.910507280798134
OBS_MIX,ref_to_mri,22,8.75,2.446802424647964
OBS_MIX,ref_to_mri,23,9.65,3.030980386815982
OBS_MIX,ref_to_mri,24,6.45,2.502104377476982
OBS_MIX,ref_to_mri,25,8.4,3.135534874207018
OBS_MIX,ref_to_mri,26,8.65,3.1334359818945683
OBS_MIX,ref_to_mri,27,8.5,1.9056702094980709
OBS_MIX,ref_to_mri,28,9.8,2.1423056934551905
OBS_MIX,ref_to_mri,29,8.75,2.359192546971147
OBS_MIX,ref_to_mri,30,8.55,2.928534751283257
OBS_MIX,ref_to_mri,31,8.9,3.076224617081276
OBS_MIX,ref_to_mri,32,9.5,2.1884866196096624
OBS_MIX,ref_to_mri,33,8.35,3.1334359818945687
OBS_MIX,ref_to_mri,34,8.65,2.2307657406087453
OBS_MIX,ref_to_mri,35,9.3,2.867237805201889
OBS_MIX,ref_to_mri,36,8.75,2.863104682168054
OBS_MIX,ref_to_mri,37,9.8,2.930780388260186
OBS_MIX,ref_to_mri,38,6.8,2.546411303445653
OBS_MIX,ref_to_mri,39,9.05,2.6452539426400317
OBS_MIX,ref_to_mri,40,8.75,2.692582403567252
OBS_MIX,ref_to_mri,41,8.85,2.5188761069384222
OBS_MIX,ref_to_mri,42,8.5,2.564945880212885
OBS_MIX,ref_to_mri,43,8.5,2.7815179498365916
OBS_MIX,ref_to_mri,44,8.25,2.6132254721743884
OBS_MIX,ref_to_mri,45,9.3,3.2622239750142685
OBS_MIX,ref_to_mri,46,8.7,2.9217874846167637
OBS_MIX,ref_to_mri,47,8.05,3.6197557347074363
OBS_MIX,ref_to_mri,48,9.4,2.5005262603994716
OBS_MIX,ref_to_mri,49,8.7,2.473012226755907
OBS_MIX,ref_to_mri,50,8.6,2.702825032793417
OBS_MIX,ref_to_mri,51,9.15,3.842627938492642
OBS_MIX,ref_to_mri,52,2.1333333333333333,1.3557637102737476
OBS_MIX,report_to_biopmdt,0,3.0,1.5559732104309982
OBS_MIX,report_to_biopmdt,1,5.3,1.8666040089734592
OBS_MIX,report_to_biopmdt,2,6.1,1.6827296120792614
OBS_MIX,report_to_biopmdt,3,7.55,2.139232523470435
OBS_MIX,report_to_biopmdt,4,7.6,1.729009451741235
OBS_MIX,report_to_biopmdt,5,7.95,2.282081229238369
OBS_MIX,report_to_biopmdt,6,7.6,2.21002500581233
OBS_MIX,report_to_biopmdt,7,8.2,1.9358120830939742
OBS_MIX,report_to_biopmdt,8,7.35,2.1830688201896455
OBS_MIX,report_to_biopmdt,9,8.6,2.1618705350983247
OBS_MIX,report_to_biopmdt,10,8.7,2.2501461940809184
OBS_MIX,report_to_biopmdt,11,8.05,2.7236778540480113
OBS_MIX,report_to_biopmdt,12,8.4,1.6351404253232553
OBS_MIX,report_to_biopmdt,13,8.15,1.785172850248165
OBS_MIX,report_to_biopmdt,14,8.75,2.099498687030336
OBS_MIX,report_to_biopmdt,15,6.8,1.7350868323485926
OBS_MIX,report_to_biopmdt,16,9.05,2.211810403980842
OBS_MIX,report_to_biopmdt,17,8.25,2.593006789525688
OBS_MIX,report_to_biopmdt,18,8.5,2.724160904127902
OBS_MIX,report_to_biopmdt,19,7.95,1.9049796241485244
OBS_MIX,report_to_biopmdt,20,8.4,1.9029063643750175
OBS_MIX,report_to_biopmdt,21,7.85,1.814415956487898
OBS_MIX,report_to_biopmdt,22,8.3,1.625455401774498
OBS_MIX,report_to_biopmdt,23,8.05,2.54382637606794
OBS_MIX,report_to_biopmdt,24,9.6,2.2803508501982757
OBS_MIX,report_to_biopmdt,25,8.736842105263158,2.3532980465522066
OBS_MIX,report_to_biopmdt,26,7.95,2.114486375359025
OBS_MIX,report_to_biopmdt,27,7.55,1.8771478925557028
OBS_MIX,report_to_biopmdt,28,8.4,2.1373865005261865
OBS_MIX,report_to_biopmdt,29,8.15,1.8431951662948314
OBS_MIX,report_to_biopmdt,30,8.9,2.174009151193639
OBS_MIX,report_to_biopmdt,31,8.5,2.164303704731798
OBS_MIX,report_to_biopmdt,32,8.75,2.3367769075779297
OBS_MIX,report_to_biopmdt,33,8.55,1.7910596686995397
OBS_MIX,report_to_biopmdt,34,8.5,2.544343571636172
OBS_MIX,report_to_biopmdt,35,7.1,1.3337718577107003
OBS_MIX,report_to_biopmdt,36,8.0,2.102629932151387
OBS_MIX,report_to_biopmdt,37,7.85,1.7851728502481654
OBS_MIX,report_to_biopmdt,38,8.95,2.258900524358558
OBS_MIX,report_to_biopmdt,39,8.7,2.0026298499197184
OBS_MIX,report_to_biopmdt,40,8.95,2.2354794611117836
OBS_MIX,report_to_biopmdt,41,7.85,1.6944180805158289
OBS_MIX,report_to_biopmdt,42,8.1,2.0235456115702615
OBS_MIX,report_to_biopmdt,43,8.5,1.9056702094980706
OBS_MIX,report_to_biopmdt,44,8.7,1.4903196407411894
OBS_MIX,report_to_biopmdt,45,8.4,1.9841477024816367
OBS_MIX,report_to_biopmdt,46,8.15,2.3902213066443956
OBS_MIX,report_to_biopmdt,47,8.3,1.8093325317714033
OBS_MIX,report_to_biopmdt,48,8.25,1.8027756377319946
OBS_MIX,report_to_biopmdt,49,7.95,2.523051619306313
OBS_MIX,report_to_biopmdt,50,6.571428571428571,3.101458950082625
OBS_MIX,treatmdt_to_outpat,0,1.6,0.9403246919632545
OBS_MIX,treatmdt_to_outpat,1,2.0,1.0606601717798212
OBS_MIX,treatmdt_to_outpat,2,2.4375,1.1528949070347507
OBS_MIX,treatmdt_to_outpat,3,2.7777777777777777,1.664704727591461
OBS_MIX,treatmdt_to_outpat,4,3.473684210526316,2.037657180103103
OBS_MIX,treatmdt_to_outpat,5,3.25,1.446411166701189
OBS_MIX,treatmdt_to_outpat,6,3.45,1.5035046776746235
OBS_MIX,treatmdt_to_outpat,7,3.4210526315789473,1.5024346712987118
OBS_MIX,treatmdt_to_outpat,8,4.5,1.6383560438182507
OBS_MIX,treatmdt_to_outpat,9,4.421052631578948,2.9686470819341295
OBS_MIX,treatmdt_to_outpat,10,4.15,2.007223796297028
OBS_MIX,treatmdt_to_outpat,11,3.6842105263157894,1.2495613265350083
OBS_MIX,treatmdt_to_outpat,12,4.25,1.8027756377319946
OBS_MIX,treatmdt_to_outpat,13,4.1,1.4832396974191326
OBS_MIX,treatmdt_to_outpat,14,3.95,1.8771478925557026
OBS_MIX,treatmdt_to_outpat,15,3.7,1.8945906376340316
OBS_MIX,treatmdt_to_outpat,16,3.35,1.7252002172135512
OBS_MIX,treatmdt_to_outpat,17,4.55,2.0384462607326044
OBS_MIX,treatmdt_to_outpat,18,4.7,1.8093325317714035
OBS_MIX,treatmdt_to_outpat,19,4.85,1.9269556026896004
OBS_MIX,treatmdt_to_outpat,20,3.8,1.8238190122579832
OBS_MIX,treatmdt_to_outpat,21,3.3157894736842106,1.293257367998745
OBS_MIX,treatmdt_to_outpat,22,3.6,1.8750438591361567
OBS_MIX,treatmdt_to_outpat,23,4.6,2.036508880671192
OBS_MIX,treatmdt_to_outpat,24,4.15,2.0072237962970285
OBS_MIX,treatmdt_to_outpat,25,4.5,2.2594829403858614
OBS_MIX,treatmdt_to_outpat,26,3.65,1.9808291724745766
OBS_MIX,treatmdt_to_outpat,27,4.473684210526316,2.143942916234053
OBS_MIX,treatmdt_to_outpat,28,4.0,2.127513992779762
OBS_MIX,treatmdt_to_outpat,29,3.95,1.145931016569864
OBS_MIX,treatmdt_to_outpat,30,4.0,1.5718104959867512
OBS_MIX,treatmdt_to_outpat,31,4.6,2.21002500581233
OBS_MIX,treatmdt_to_outpat,32,3.85,1.5312533566021211
OBS_MIX,treatmdt_to_outpat,33,4.5,1.849608777979535
OBS_MIX,treatmdt_to_outpat,34,4.3,1.4545753585442764
OBS_MIX,treatmdt_to_outpat,35,3.55,1.6693837501494848
OBS_MIX,treatmdt_to_outpat,36,3.8333333333333335,1.917412472118426
OBS_MIX,treatmdt_to_outpat,37,4.526315789473684,2.0376571801031034
OBS_MIX,treatmdt_to_outpat,38,4.2,1.4363696929192156
OBS_MIX,treatmdt_to_outpat,39,4.75,1.943274501832843
OBS_MIX,treatmdt_to_outpat,40,3.736842105263158,1.7269789055894338
OBS_MIX,treatmdt_to_outpat,41,3.789473684210526,1.652571980897287
OBS_MIX,treatmdt_to_outpat,42,5.7894736842105265,1.9025990226360552
OBS_MIX,treatmdt_to_outpat,43,3.473684210526316,2.435123110112404
OBS_MIX,treatmdt_to_outpat,44,2.8181818181818183,1.4709304414677
OBS_MIX,treatmdt_to_outpat,45,2.6,1.51657508881031
